channel,direct_effect,indirect_effect,total_effect,mediation_ratio
facebook_spend,209.12859049639715,-18979562.24391479,-18979353.115324292,1.0000110187417468
tiktok_spend,2095.042353774803,-3983252.2317208224,-3981157.1893670475,1.0005262395464742
instagram_spend,2417.2279143171086,-1680702.4791756535,-1678285.2512613365,1.001440296226461
snapchat_spend,1339.9098903621232,-10608189.138872005,-10606849.228981642,1.0001263249680878
