r2_score,rmse,mape,mae
0.14623865256909152,85820.22016570438,2627.389386426149,63021.695006426045
