revenue_no_promotion,revenue_with_promotion,promotion_lift_pct,incremental_revenue
50711.19650869315,42876.91710396188,-0.15448815930399673,-7834.279404731271
